{"accuracy": [0.2643742263317108, 0.34375, 0.37535345554351807, 0.421875, 0.41728049516677856, 0.46875, 0.4472682774066925, 0.484375, 0.4735904932022095, 0.578125, 0.4963518977165222, 0.5625, 0.5119566917419434, 0.609375, 0.5301448702812195, 0.53125, 0.5415255427360535, 0.640625, 0.5568860173225403, 0.6875, 0.568406343460083, 0.40625, 0.580345630645752, 0.625, 0.5901902318000793, 0.65625, 0.6002792716026306, 0.6875, 0.6093209981918335, 0.546875, 0.6225868463516235, 0.703125, 0.6297783255577087, 0.640625, 0.6391342282295227, 0.65625, 0.6454878449440002, 0.765625, 0.6562052965164185, 0.640625, 0.6692965626716614, 0.640625, 0.6741490364074707, 0.71875, 0.6888811588287354, 0.703125, 0.694606363773346, 0.6875, 0.7023913264274597, 0.734375], "loss": [1.792209506034851, 1.7128551006317139, 1.604176640510559, 1.480916976928711, 1.5092277526855469, 1.3012845516204834, 1.4426761865615845, 1.29221773147583, 1.3792414665222168, 1.2780587673187256, 1.3286848068237305, 1.1916544437408447, 1.2829043865203857, 1.2126522064208984, 1.242159366607666, 1.2531028985977173, 1.2083415985107422, 1.1180286407470703, 1.1752612590789795, 0.9843423366546631, 1.1450490951538086, 1.5020909309387207, 1.1239101886749268, 0.9836134314537048, 1.0955579280853271, 0.956506609916687, 1.071701169013977, 1.001509666442871, 1.0464054346084595, 1.17135488986969, 1.0209158658981323, 0.7737056612968445, 0.999083936214447, 1.1064181327819824, 0.9680225253105164, 0.9222484230995178, 0.9509642720222473, 0.8078554272651672, 0.9226720929145813, 0.9102978706359863, 0.9022782444953918, 1.0112485885620117, 0.8774978518486023, 0.8640871047973633, 0.8528801798820496, 0.7195143699645996, 0.8297367691993713, 0.9444291591644287, 0.8090741634368896, 0.7799618244171143], "val_accuracy": [0.3494698703289032, 0.30000001192092896, 0.4215959906578064, 0.4000000059604645, 0.4501953125, 0.5, 0.4762834906578064, 0.30000001192092896, 0.4898158609867096, 0.4000000059604645, 0.5118582844734192, 0.4000000059604645, 0.5171595811843872, 0.30000001192092896, 0.5299944281578064, 0.5, 0.5454798936843872, 0.20000000298023224, 0.5452008843421936, 0.20000000298023224, 0.5574776530265808, 0.8999999761581421, 0.5627790093421936, 0.5, 0.5700334906578064, 0.6000000238418579, 0.5765904188156128, 0.5, 0.5834263563156128, 0.4000000059604645, 0.5834263563156128, 0.6000000238418579, 0.5885881781578064, 0.699999988079071, 0.5943080186843872, 0.8999999761581421, 0.5973772406578064, 0.800000011920929, 0.6015625, 0.6000000238418579, 0.5997489094734192, 0.4000000059604645, 0.6000279188156128, 0.5, 0.6064453125, 0.5, 0.6050502061843872, 0.699999988079071, 0.6078404188156128, 0.30000001192092896], "val_loss": [1.6771000623703003, 1.6991431713104248, 1.5208566188812256, 1.408368706703186, 1.4451773166656494, 1.1010425090789795, 1.385177731513977, 1.6258466243743896, 1.3417686223983765, 1.3979402780532837, 1.2876873016357422, 2.072624921798706, 1.2616335153579712, 1.7401320934295654, 1.2311300039291382, 1.307877779006958, 1.1985254287719727, 1.4577229022979736, 1.1854041814804077, 1.925676703453064, 1.1648873090744019, 0.34325531125068665, 1.1472779512405396, 1.0762683153152466, 1.1330610513687134, 0.8032007217407227, 1.1212420463562012, 1.1604381799697876, 1.1075279712677002, 1.1756974458694458, 1.1092917919158936, 1.1597864627838135, 1.094495415687561, 0.8788100481033325, 1.0810457468032837, 0.7291273474693298, 1.0830327272415161, 0.9617670178413391, 1.0714458227157593, 1.0582295656204224, 1.0752967596054077, 1.2527662515640259, 1.073896884918213, 1.2573797702789307, 1.0722488164901733, 1.4538346529006958, 1.0743004083633423, 1.1060035228729248, 1.0658100843429565, 1.7890514135360718]}